ep_id,writer_id
0592902,0722274
0592923,0722274
0592926,0722274
0592915,0722274
0592919,0722274
0592909,0722274
0592924,0722274
0592918,0722274
0592925,0722274
0592917,0722274
0592907,0722274
0592913,0722274
0592906,0722274
0592905,0722274
0592910,0722274
0592920,0722274
0592912,0722274
0592922,0722274
0592914,0722274
0592916,0722274
0592908,0722274
0592903,0722274
0592921,0722274
0592904,0722274
0592911,0722274
0759138,0722274
0760706,0722274
0759839,0722274
0763962,0722274
0763963,0722274
0772483,0722274
0776002,0722274
0782343,0722274
0789452,0722274
0789453,0722274
0805280,0722274
0854774,0722274
0865668,0722274
0874558,0722274
0877110,0722274
0852787,0722274
0877109,0722274
0877112,0722274
0900569,0722274
0906402,0722274
0903412,0722274
0917048,0722274
0931862,0722274
0935486,0722274
0948266,0722274
0940133,0722274
0962364,0722274
0962365,0722274
0971628,0722274
0964281,0722274
1001867,0722274
0998426,0722274
1011450,0722274
1011451,0722274
1017765,0722274
1020626,0722274
1002868,0722274
1002879,0722274
1002883,0722274
1002884,0722274
1002885,0722274
1002886,0722274
1002887,0722274
1002888,0722274
1002889,0722274
1002869,0722274
1002870,0722274
1002871,0722274
1002872,0722274
1002873,0722274
1002874,0722274
1002875,0722274
2373009,0722274
1263280,0722274
2373007,0722274
1263295,0722274
1263296,0722274
1263297,0722274
1263298,0722274
1263299,0722274
1263300,0722274
1263301,0722274
1263281,0722274
1338329,0722274
1263282,0722274
1263283,0722274
1263284,0722274
1263285,0722274
1379395,0722274
1263287,0722274
1263288,0722274
1263290,0722274
1404226,0722274
1263292,0722274
1263293,0722274
1435078,0722274
1435079,0722274
1457924,0722274
1497728,0722274
1497729,0722274
1497730,0722274
1497731,0722274
1497732,0722274
1497733,0722274
1497734,0722274
1497735,0722274
1497727,0722274
1557983,0722274
1578973,0722274
1586069,0722274
1595404,0722274
1595703,0722274
1605238,0722274
1611350,0722274
1610766,0722274
1623864,0722274
1631566,0722274
1631567,0722274
1631568,0722274
1643648,0722274
1643647,0722274
1688807,0722274
1704843,0722274
1733841,0722274
1733366,0722274
1724309,0722274
1739480,0722274
1743845,0722274
1743846,0722274
1743847,0722274
1782086,0722274
1782085,0722274
1802924,0722274
1816195,0722274
1816196,0722274
1818770,0722274
1818771,0722274
1831103,0722274
1831104,0722274
1831105,0722274
1831106,0722274
1831107,0722274
1831108,0722274
1926568,0722274
2016477,0722274
2016478,0722274
2056971,0722274
2070144,0722274
2069323,0722274
2071049,0722274
2084356,0722274
2095253,0722274
2104399,0722274
2110742,0722274
2171023,0722274
2187691,0722274
2187687,0722274
2187689,0722274
2208571,0722274
2232323,0722274
2232325,0722274
2245673,0722274
2245675,0722274
2245677,0722274
2245679,0722274
2245681,0722274
2245683,0722274
2397001,0722274
2380524,0722274
2424794,0722274
2407126,0722274
2436060,0722274
2468414,0722274
2468416,0722274
2513560,0722274
2513562,0722274
2523518,0722274
2564404,0722274
2532024,0722274
2567774,0722274
2630060,0722274
2622548,0722274
2634948,0722274
2723210,0722274
2727620,0722274
2727626,0722274
2767588,0722274
2787000,0722274
2812610,0722274
2862738,0722274
2862736,0722274
2911802,0722274
3093166,0722274
3170648,0722274
3163418,0722274
3172724,0722274
3172730,0722274
3240812,0722274
3231704,0722274
3273224,0722274
3297842,0722274
3331478,0722274
3331928,0722274
3469260,0722274
3551628,0722274
3565142,0722274
3576878,0722274
3576876,0722274
3544216,0722274
3561164,0722274
3580770,0722274
3594958,0722274
3639496,0722274
3668420,0722274
3675214,0722274
3721002,0722274
4024124,0722274
4006504,0722274
4070008,0722274
4070010,0722274
4147376,0722274
4147378,0722274
4203848,0722274
4224918,0722274
4303550,0722274
4327490,0722274
4303552,0722274
4289564,0722274
4472386,0722274
4465020,0722274
4432504,0722274
4491624,0722274
4491626,0722274
4516146,0722274
4521154,0722274
4599534,0722274
4599536,0722274
7043038,0722274
4620044,0722274
4638176,0722274
4668450,0722274
5058602,0722274
5085600,0722274
5093170,0722274
5134958,0722274
5060714,0722274
5134980,0722274
5109306,0722274
5134994,0722274
5174364,0722274
5470704,0722274
5479956,0722274
5505500,0722274
5505518,0722274
5520906,0722274
5520910,0722274
5467378,0722274
5505676,0722274
5505514,0722274
5614176,0722274
5614186,0722274
5614198,0722274
5614204,0722274
5614206,0722274
5521890,0722274
5743946,0722274
5743998,0722274
5749130,0722274
6088596,0722274
6088602,0722274
6095206,0722274
6095210,0722274
6155690,0722274
6155694,0722274
6190622,0722274
6190628,0722274
6190636,0722274
6190642,0722274
6190644,0722274
6185764,0722274
6190648,0722274
6190652,0722274
6215176,0722274
6215178,0722274
6215180,0722274
6215182,0722274
6215184,0722274
6215188,0722274
6523880,0722274
7043198,0722274
7043206,0722274
7043690,0722274
7043702,0722274
7043698,0722274
7043724,0722274
7043730,0722274
7043736,0722274
7044202,0722274
7044206,0722274
7044218,0722274
7044226,0722274
7044230,0722274
7044240,0722274
7044262,0722274
7044272,0722274
7044314,0722274
7044320,0722274
7044324,0722274
7044328,0722274
7044330,0722274
7044338,0722274
7600182,0722274
7885522,0722274
8746268,0722274
8879534,0722274
8879540,0722274
9022004,0722274
9022006,0722274
9011270,0722274
9119498,0722274
9119510,0722274
9173162,0722274
9132644,0722274
9212382,0722274
9290230,0722274
9618582,0722274
9611706,0722274
9611710,0722274
9729132,0722274
9729134,0722274
9611736,0722274
9729136,0722274
9729138,0722274
10120548,0722274
9729144,0722274
9729142,0722274
9564120,0722274
7885526,0722274
10950532,0722274
10989874,0722274
11010784,0722274
11058566,0722274
11102922,0722274
11156602,0722274
11105164,0722274
11187872,0722274
11317130,0722274
11404618,0722274
11300852,0722274
11681392,0722274
11702018,0722274
11737856,0722274
11815092,0722274
11852888,0722274
11861152,0722274
11923260,0722274
11980382,0722274
12019988,0722274
10313492,0722274
13334916,0722274
13412344,0722274
13454262,0722274
13498234,0722274
13498236,0722274
13498240,0722274
14177970,0722274
14211898,0722274
14222328,0722274
14225068,0722274
14330910,0722274
14406444,0722274
14467604,0722274
14508866,0722274
14508868,1586791
14597292,0722274
14622216,0722274
15192008,0722274
15248472,0722274
15514302,0722274
15742128,0722274
15856270,0722274
16021380,0722274
16274400,0722274
16274406,0722274
16274412,0722274
18332060,0722274
18351146,0722274
18394228,9698564
18569862,2528015
19073278,0722274
19408098,2528015
19408112,0722274
19408212,0722274
19712434,0722274
19712436,0722274
16993884,0722274
22187034,0722274
22529532,0722274
22529692,0722274
22753500,0722274
23118306,0722274
23473020,0722274
23473022,0722274
26898914,0722274
26936119,0722274
26936121,2715597
27136052,0722274
27163814,0722274
27235409,0722274
27369366,9455294
27440369,8108153
27435239,0722274
27441536,0722274
27441541,0722274
27441543,0722274
0606035,0794914
0606034,0794914
0606034,0438432
0606033,0794914
0606030,0794914
0606030,0086694
0606018,0794914
0606018,0153384
0606045,0794914
0606045,0542535
0606022,0794914
0606022,0602981
0606036,0794914
0606036,0936976
0606016,0794914
0606016,1844375
0606025,0794914
0606025,1403671
0606020,0794914
0606020,0438432
0606020,0602981
0606041,0794914
0606041,0542535
0606015,0794914
0606015,0936976
0606015,0086694
0606014,0794914
0606014,0438432
0606031,0794914
0606031,1844375
0606031,0542535
0606024,0794914
0606024,0602981
0606037,0794914
0606037,0936976
0606013,0794914
0606013,0086694
0606028,0794914
0606028,0602981
0606028,0438432
0606029,0794914
0606029,0153384
0606046,0794914
0606043,0794914
0606043,0438432
0606043,0542535
0606011,0794914
0606011,1068423
0606011,1068424
0606011,1802607
0606011,1844375
0606012,0794914
0606012,0438432
0606012,1802607
0606012,1844375
0606026,0794914
0606026,0936976
0606026,1802607
0606026,1844375
0606042,0794914
0606042,1844375
0606042,1802607
0606017,0794914
0606017,0602981
0606017,1802607
0606017,1844375
0606040,0794914
0606040,1802607
0606040,1844375
0606027,0794914
0606027,0295286
0606027,1802607
0606027,1844375
0606044,0794914
0606044,0086694
0606044,1802607
0606044,1844375
0606019,0794914
0606019,0675219
0606019,1802607
0606019,1844375
0606021,0794914
0606021,0250668
0606021,1802607
0606021,1844375
0606032,0794914
0606032,0205247
0606032,1802607
0606032,1844375
0606023,0794914
0606023,0438432
0606023,1802607
0606023,1844375
0606039,0794914
0606039,1068423
0606039,1068424
0606039,1802607
0606039,1844375
0606038,0794914
0606038,0936976
0606038,1802607
0606038,1844375
0763992,0794914
0763992,0602981
0763992,1802607
0763992,1844375
0774238,0794914
0774238,0086694
0774238,1802607
0774238,1844375
0774235,0794914
0774235,1844375
0774235,1802607
0765624,0794914
0765624,1802607
0765624,1844375
0774237,0794914
0774237,0250668
0774237,1802607
0774237,1844375
0774236,0794914
0774236,1068213
0774236,1802607
0774236,1844375
0799143,0794914
0799143,1068423
0799143,1068424
0799143,1802607
0799143,1844375
0777001,0794914
0777001,0295286
0777001,1844375
0784412,0794914
0784412,0438432
0784412,0542535
0784412,2269602
0784412,1802607
0784412,1844375
0787373,0794914
0787373,0438432
0787373,1802607
0787373,1844375
0828219,0794914
0828219,0438432
0828219,1068423
0828219,1068424
0828219,0205247
0828219,0395924
0828219,1802607
0828219,1844375
0834714,0794914
0834714,1068423
0834714,1068424
0834714,0438432
0834714,0205247
0834714,0395924
0834714,1802607
0834714,1844375
0834715,0794914
0834715,1844375
0834715,0205247
0834715,0395924
0834715,1802607
0836216,0794914
0836216,0395924
0836216,0205247
0836216,1802607
0836216,1844375
0873021,0794914
0873021,0086694
0873021,0205247
0873021,0395924
0873021,1802607
0873021,1844375
0854514,0794914
0854514,0602981
0854514,0205247
0854514,0395924
0854514,1802607
0854514,1844375
0859366,0794914
0859366,0250668
0859366,0205247
0859366,0395924
0859366,1802607
0859366,1844375
0866187,0794914
0866187,0205247
0866187,0395924
0866187,1802607
0866187,1844375
0871152,0794914
0871152,1802607
0871152,0205247
0871152,0395924
0871152,1844375
0882414,0794914
0882414,0295286
0882414,0205247
0882414,0395924
0882414,1802607
0882414,1844375
0888858,0794914
0888858,0225272
0888858,0205247
0888858,0395924
0888858,1802607
0888858,1844375
0902016,0794914
0902016,0205247
0902016,0395924
0902016,1802607
0902016,1844375
0897691,0794914
0897691,1844375
0897691,0205247
0897691,0395924
0897691,1802607
0917153,0794914
0917153,1068213
0917153,0205247
0917153,0395924
0917153,1802607
0917153,1844375
0942528,0794914
0942528,0438432
0942528,0205247
0942528,0395924
0942528,1802607
0942528,1844375
0979558,0794914
0979558,0602981
0979558,0205247
0979558,0395924
0979558,1802607
0979558,1844375
0987017,0794914
0987017,1068423
0987017,1068424
0987017,0205247
0987017,0395924
0987017,1802607
0987017,1844375
0994242,0794914
0994242,0395924
0994242,0205247
0994242,1802607
0994242,1844375
0976557,0794914
0976557,1802607
0976557,0205247
0976557,0395924
0976557,1844375
0994243,0794914
0994243,0250668
0994243,0205247
0994243,0395924
0994243,1802607
0994243,1844375
0994241,0794914
0994241,0295286
0994241,0205247
0994241,0395924
0994241,1802607
0994241,1844375
0994244,0794914
0994244,0205247
0994244,0395924
0994244,1802607
0994244,1844375
1023376,0794914
1023376,0225272
1023376,0205247
1023376,0395924
1023376,1802607
1023376,1844375
1023643,0794914
1023643,0602981
1023643,0438432
1023643,0205247
1023643,0395924
1023643,1802607
1023643,1844375
1081396,0794914
1081396,0086694
1081396,1802607
1104387,0794914
1104387,0250668
1104387,0225272
1104387,1802607
1117787,0794914
1117787,1068423
1117787,1068424
1117787,1802607
1117788,0794914
1117788,0395924
1117788,1802607
1117789,0794914
1117789,1844375
1117789,1802607
1123416,0794914
1123416,0602981
1123416,0086694
1123416,1802607
1136646,0794914
1136646,0925878
1136646,1802607
1134258,0794914
1134258,1802607
1144658,0794914
1144658,1108368
1144658,1802607
1172357,0794914
1172357,0205247
1172357,1802607
1168087,0794914
1168087,0295286
1168087,1802607
1178841,0794914
1178841,0250668
1178841,0225272
1178841,1802607
1216106,0794914
1216106,0395924
1216106,1802607
1216107,0794914
1216107,1802607
1216107,0295286
1216108,0794914
1216108,0086694
1216108,1844375
1216108,1068423
1216108,1068424
1216108,0250668
1216108,1802607
1216109,0794914
1216109,0086694
1216109,1844375
1216109,1068423
1216109,1068424
1216109,1802607
1274484,0794914
1274484,1108368
1273723,0794914
1273723,0438432
1273727,0794914
1273727,0337692
1273727,0655615
1273728,0794914
1273728,0250668
1273728,1844375
1273729,0794914
1273729,0295286
1273729,1802607
1273730,0794914
1273730,0395924
1273731,0794914
1273731,0086694
1273732,0794914
1273732,0205247
1273732,0225272
1273733,0794914
1273733,1068213
1273733,1108368
1273713,0794914
1273713,1068423
1273713,1068424
1273714,0794914
1273714,0086694
1273715,0794914
1273715,0602981
1273715,1108368
1273716,0794914
1273716,1844375
1273716,0438432
1273717,0794914
1273717,1802607
1273718,0794914
1273718,0395924
1273719,0794914
1273719,0295286
1273720,0794914
1273720,0250668
1273721,0794914
1273721,0086694
1273722,0794914
1273722,1068423
1273722,1068424
1273722,1844375
1273724,0794914
1273724,0225272
1273725,0794914
1273725,1108368
1273725,0602981
1273726,0794914
1273726,1068213
1273726,0295286
1399759,0794914
1399759,0205247
1399759,0438432
1413129,0794914
1413129,0250668
1462220,0794914
1462220,1068423
1462220,1068424
1462220,1844375
1503404,0794914
1503404,1802607
1503404,0295286
1503408,0794914
1503408,0086694
1503409,0794914
1503409,0602981
1503410,0794914
1503410,0438432
1503411,0794914
1503411,1068213
1503411,0250668
1503412,0794914
1503412,1108368
1503414,0794914
1503414,0395924
1503394,0794914
1503394,1844375
1564666,0794914
1564666,0295286
1564666,1802607
1503395,0794914
1503395,0086694
1503396,0794914
1503396,1068423
1503396,1068424
1503397,0794914
1503397,0602981
1503398,0794914
1503398,0250668
1503399,0794914
1503399,0438432
1623399,0794914
1623399,1068423
1623399,1068424
1623399,0086694
1623399,1108368
1503401,0794914
1503401,0445931
1503402,0794914
1503402,1802607
1503402,0295286
1503403,0794914
1503403,0395924
1503405,0794914
1503405,0250668
1503405,1844375
1503406,0794914
1503406,1068423
1503406,1068424
1503406,0086694
1697219,0794914
1697219,0250668
1685104,0794914
1685104,1108368
1726377,0794914
1726377,0445931
1726378,0794914
1726378,0086694
1726379,0794914
1726379,1844375
1708695,0794914
1708695,2397756
1726380,0794914
1726380,0438432
1726381,0794914
1726381,0395924
1726382,0794914
1726382,1802607
1726371,0794914
1726371,0295286
1726372,0794914
1726372,0086694
1726373,0794914
1726373,1964417
1726374,0794914
1726374,0602981
1726375,0794914
1726375,0445931
1726376,0794914
1726376,0295286
1726376,1802607
1842688,0794914
1842688,0602981
1842688,0438432
1842081,0794914
1842081,0445931
1878391,0794914
1878391,1802607
1878391,0395924
1880571,0794914
1880571,1844375
1880571,0295286
1883788,0794914
1883788,1108368
1883788,2397756
1902562,0794914
1902562,0602981
1900094,0794914
1900094,2397756
1900094,1068423
1900094,1068424
1919895,0794914
1919895,1964417
1919895,0086694
2006450,0794914
2006450,0086694
2015677,0794914
2015677,0295286
2015677,1844375
2016511,0794914
2016511,1802607
2021267,0794914
2021267,2397756
2063276,0794914
2063276,0445931
2084392,0794914
2084392,1108368
2084393,0794914
2084393,0395924
2084394,0794914
2084394,0602981
2092629,0794914
2092629,1964417
2121953,0794914
2121953,1262440
2121954,0794914
2121954,1844375
2121954,1068423
2121954,1068424
2121955,0794914
2121955,0086694
2121955,1108368
2121956,0794914
2121956,0295286
2121956,1802607
2121957,0794914
2121957,0445931
2121958,0794914
2121958,3838536
2121958,2397756
2121959,0794914
2121959,2049104
2121959,0395924
2121960,0794914
2121960,0086694
2121960,1802607
2121961,0794914
2121961,0655615
2121962,0794914
2121962,0445931
2121962,1262440
2121963,0794914
2121963,0395924
2121963,1964417
2121964,0794914
2121964,1068423
2121964,1068424
2121964,1844375
2121965,0794914
2121965,0086694
2121965,1108368
0295222,0000341
0567951,0000341
0567951,0920274
0567992,0000341
0567992,0940963
0568004,0000341
0568004,0543355
0568018,0000341
0568018,0622250
0567947,0000341
0567947,0920274
0567947,0046371
0567926,0000341
0567926,0940963
0567926,0313077
0567906,0000341
0567906,0622250
0567965,0000341
0567965,0543355
0567936,0000341
0567936,0313077
0567936,0046371
0567936,0543355
0568115,0000341
0568115,0046371
0567999,0000341
0567999,0940963
0568034,0000341
0568034,0543355
0568030,0000341
0568030,0622250
0567975,0000341
0567975,0920274
0568036,0000341
0568036,0940963
0568110,0000341
0568110,0920274
0568094,0000341
0568094,0543355
0568033,0313077
0568033,0000341
0567988,0000341
0567988,0046371
0568008,0000341
0568008,0827873
0568043,0000341
0568043,0622250
0568032,0000341
0568032,0543355
0568048,0000341
0568048,0940963
0567966,0000341
0567966,0920274
0568154,0000341
0568154,0046371
0568154,0920274
0568103,0000341
0568103,0046371
0568103,0940963
0567958,0000341
0567958,0046371
0567958,0543355
0568155,0000341
0568155,0046371
0568155,0282378
0567925,0000341
0567925,0046371
0567925,0448455
0567953,0000341
0567953,0046371
0567953,0940963
0568001,0000341
0568001,0046371
0568130,0000341
0568130,0046371
0568130,0543355
0568005,0000341
0568005,0046371
0568005,0827873
0567912,0000341
0567912,0046371
0567912,0282378
0567955,0000341
0567955,0046371
0567955,0920274
0568143,0000341
0568143,0313077
0568143,0046371
0568020,0000341
0568020,0046371
0568020,0543355
0568129,0000341
0568129,0046371
0568129,0940963
0567929,0000341
0567929,0282378
0567929,0143064
0567929,0046371
0568119,0000341
0568119,0046371
0568119,0920274
0568125,0000341
0568125,0046371
0567915,0000341
0567915,0046371
0567915,0755161
0567978,0000341
0567978,0046371
0567978,0543355
0567976,0000341
0567976,0046371
0567976,0282378
0568107,0000341
0568107,0046371
0568107,0940963
0568021,0000341
0568021,0046371
0568021,0920274
0567960,0000341
0567960,0920274
0568028,0000341
0568028,0940963
0567961,0000341
0567961,0128663
0567961,0543355
0568025,0000341
0568025,0179244
0568025,0282378
0567991,0000341
0567991,0046371
0567974,0000341
0567974,0313077
0568054,0000341
0568054,0543355
0568149,0000341
0568149,0282378
0567928,0000341
0567928,0355329
0567928,0046371
0567928,0940963
0568007,0000341
0568007,0179244
0568053,0000341
0568053,0543355
0568073,0000341
0568073,0282378
0567983,0000341
0567983,0128663
0568161,0000341
0568161,0046371
0568122,0000341
0568122,0940963
0567968,0000341
0567968,0920274
0568142,0000341
0568142,0313077
0568164,0000341
0568164,0543355
0567942,0000341
0567942,0128663
0567942,0179244
0567942,0046371
0568078,0000341
0568078,0282378
0568035,0000341
0568035,0940963
0568035,0755161
0568064,0000341
0568064,0920274
0567924,0000341
0567924,0282378
0568095,0000341
0568095,0940963
0567987,0000341
0567987,0338396
0568157,0000341
0568157,0650202
0567994,0000341
0567994,0589957
0567997,0000341
0567997,0179244
0567971,0000341
0567971,0920274
0567985,0000341
0567985,0046371
0568060,0000341
0568060,0313077
0567959,0000341
0567959,0650202
0567959,0309087
0568138,0000341
0568138,0589957
0568089,0000341
0568089,0179244
0567944,0000341
0567944,0920274
0567970,0000341
0567970,0282378
0567967,0000341
0567967,0338396
0567967,0755161
0568049,0000341
0568049,0650202
0567907,0000341
0567907,0309087
0567998,0000341
0567998,0046371
0568088,0000341
0568088,0179244
0568061,0000341
0568061,0650202
0568102,0000341
0568102,0338396
0567909,0000341
0567909,0940963
0567952,0000341
0567952,0309087
0567952,0940963
0568097,0000341
0568097,0282378
0568097,0309087
0568136,0000341
0568136,0309087
0568136,0338396
0568150,0000341
0568150,0309087
0568150,0650202
0568040,0000341
0568040,0179244
0568040,0755161
0568040,0309087
0568100,0000341
0568100,0046371
0568100,0309087
0568000,0000341
0568000,0589957
0568000,0282378
0568000,0309087
0568116,0000341
0568116,0309087
0568116,0650202
0567993,0000341
0567993,0309087
0567993,0940963
0568126,0000341
0568126,0309087
0568126,0543355
0568057,0000341
0568057,0309087
0567962,0000341
0567962,0282378
0567962,0309087
0567948,0000341
0567948,0309087
0567948,0940963
0568132,0000341
0568132,0309087
0568132,0920274
0568133,0000341
0568133,0309087
0568133,0920274
0568044,0000341
0568044,0046371
0568044,0282378
0568044,0309087
0568099,0000341
0568099,0309087
0568099,0755161
0568072,0000341
0568072,0309087
0568072,0532960
0568082,0000341
0568082,0309087
0568082,0589957
0568074,0000341
0568074,0282378
0568074,0309087
0568081,0000341
0568081,0309087
0568081,0650202
0567990,0000341
0567990,0309087
0567990,0940963
0568027,0000341
0568027,0940963
0568026,0000341
0568026,0650202
0567996,0000341
0567996,0361927
0568092,0000341
0568092,0657408
0568144,0000341
0568144,0312565
0568127,0000341
0568127,0920274
0568010,0000341
0568010,0046371
0567995,0000341
0567995,0650202
0568009,0000341
0568009,0309087
0567969,0000341
0567969,0361927
0568113,0000341
0568113,0755161
0567920,0000341
0567920,0312565
0567932,0000341
0567932,0940963
0567922,0000341
0567922,0650202
0567931,0000341
0567931,0472255
0568148,0000341
0568148,0046371
0568148,0755161
0568151,0000341
0568151,0361927
0568041,0000341
0568041,0312565
0568114,0000341
0568114,0940963
0568031,0000341
0568031,0046371
0568101,0000341
0568101,0920274
0568042,0000341
0568042,0650202
0568006,0000341
0568006,0650202
0568086,0000341
0568086,0650202
0568039,0000341
0568039,0312565
0567933,0000341
0567933,0424934
0567980,0000341
0567980,0338396
0567980,0755161
0568135,0000341
0568135,0920274
0568080,0000341
0568080,0046371
0568112,0000341
0568112,0650202
0568118,0000341
0568118,0402804
0568071,0000341
0568071,0308359
0568071,0312565
0568083,0000341
0568083,0424934
0568105,0000341
0568105,0312565
0568105,0650202
0568105,0755161
0568139,0000341
0568139,0755161
0568139,0825284
0567918,0000341
0567918,0920274
0568111,0000341
0568111,0650202
0568162,0000341
0568162,0312565
0568106,0000341
0568106,0402804
0568106,0755161
0567927,0000341
0567927,0308359
0567927,0424934
0568085,0000341
0568085,0650202
0568085,0825284
0567973,0000341
0567973,0312565
0568159,0000341
0568159,0424934
0568159,0825284
0568077,0000341
0568077,0650202
0568077,0755161
0567984,0000341
0567984,0650202
0567984,0951390
0568123,0000341
0568123,0650202
0568123,0951390
0568123,1263739
0567938,0000341
0567938,0312565
0567938,0402804
0567938,0951390
0568051,0000341
0568051,0424934
0568051,0951390
0568098,0000341
0568098,0755161
0568098,0951390
0568104,0000341
0568104,0825284
0568104,0951390
0568013,0000341
0568013,0312565
0568013,0951390
0568070,0000341
0568070,0650202
0568070,0951390
0568076,0000341
0568076,0755161
0568076,0951390
0568012,0000341
0568012,0424934
0568012,0825284
0568012,0951390
0567934,0000341
0567934,0650202
0567934,0312565
0567934,0951390
0567913,0000341
0567913,0951390
0567949,0000341
0567949,0424934
0567949,0951390
0567916,0000341
0567916,0650202
0567916,0951390
0568019,0000341
0568019,0312565
0568019,0951390
0568087,0000341
0568087,0920274
0568087,0951390
0567941,0000341
0567941,0402804
0567941,0825284
0567941,0951390
0568067,0000341
0568067,0951390
0567940,0000341
0567940,0312565
0567940,0951390
0568121,0000341
0568121,0650202
0568121,0951390
0568062,0000341
0568062,0920274
0568062,0951390
0568029,0000341
0568029,0424934
0568029,0755161
0568029,0951390
0567946,0000341
0567946,0650202
0567946,0312565
0567954,0000341
0567954,0424934
0568016,0000341
0568016,0650202
0568016,1117707
0568153,0000341
0568153,0951390
0567910,0000341
0567910,0372877
0567910,0755161
0568063,0000341
0568063,0588005
0568108,0000341
0568108,0312565
0567979,0000341
0567979,0650202
0568052,0000341
0568052,0424934
0568003,0000341
0568003,0951390
0567911,0000341
0567911,0372877
0567914,0000341
0567914,0588005
0568055,0000341
0568055,0372877
0568056,0000341
0568056,0588005
0567908,0000341
0567908,0312565
0567908,1117707
0567917,0000341
0567917,0951390
0568109,0000341
0568109,0755161
0567977,0000341
0567977,0424934
0568137,0000341
0568137,0312565
0567981,0000341
0567981,0951390
0568156,0000341
0568156,0650202
0568024,0000341
0568024,0920274
0568059,0000341
0568059,0920274
0568124,0000341
0568124,0920274
0567956,0000341
0567956,0312565
0567956,1497259
0567956,1537756
0568090,0000341
0568090,0424934
0568068,0000341
0568068,0951390
0568068,1497259
0568068,1537756
0568117,0000341
0568117,0312565
0568117,1497259
0568117,1537756
0567957,0000341
0567957,0424934
0567957,1497259
0567957,1537756
0567986,0000341
0567986,0755161
0567986,1497259
0567986,1537756
0568047,0000341
0568047,0951390
0568047,1497259
0568047,1537756
0568037,0000341
0568037,0920274
0568037,1497259
0568037,1537756
0568141,0000341
0568141,1497259
0568141,1537756
0568050,0000341
0568050,0959024
0568050,1497259
0568050,1537756
0567989,0000341
0567989,0312565
0567989,1497259
0567989,1537756
0568015,0000341
0568015,1117707
0567937,0000341
0567937,0424934
0567937,1497259
0567937,1537756
0567982,0000341
0567982,0588005
0567982,1497259
0567982,1537756
0568134,0000341
0568134,0951390
0568134,1497259
0568134,1537756
0568158,0000341
0568158,0950124
0568158,1497259
0568022,0000341
0568022,0312565
0568022,1497259
0567919,0000341
0567919,0951390
0567919,1497259
0568046,0000341
0568046,0920274
0568046,1497259
0567964,0000341
0567964,0424934
0567964,1497259
0568065,0000341
0568065,0755161
0567950,0000341
0567950,0951390
0568145,0000341
0568145,0312565
0567972,0000341
0567972,0424934
0568017,0000341
0568017,0959024
0568140,0000341
0568140,0951390
0568160,0000341
0568160,0940963
0568091,0000341
0568091,0755161
0568146,0000341
0568146,0372877
0568093,0000341
0568093,0424934
0568066,0000341
0568066,1117707
0568128,0000341
0568128,0951390
0568045,0000341
0568045,0959024
0568023,0000341
0568023,0940963
0567923,0000341
0567923,0424934
0568002,0000341
0568002,0951390
0567930,0000341
0567930,0951390
0567930,0959024
0568079,0000341
0568079,0755161
0568084,0000341
0568084,0940963
0568084,0959024
0568163,0000341
0568163,0424934
0568163,2069906
0567943,0000341
0567943,0920274
0568131,0000341
0568131,0951390
0567945,0000341
0567945,0755161
0567945,0920274
0567945,0959024
0568058,0000341
0568058,0312565
0568038,0000341
0568038,0951390
0567935,0000341
0567935,0312565
0568152,0000341
0568152,0792471
0567963,0000341
0567963,0951390
0568120,0000341
0568120,0312565
0568147,0000341
0568147,0755161
0568147,1125049
0568011,0000341
0568011,0940963
0567921,0000341
0567921,0792471
0568014,0000341
0568014,0951390
0568096,0000341
0568096,0312565
0567939,0000341
0567939,0755161
0568075,0000341
0568075,0951390
0568075,0959024
0568075,2069906
0760643,0000341
0760643,0792471
0760643,2069906
0568069,0000341
0568069,2069906
0759003,0000341
0759003,0959024
0759003,2069906
0760644,0000341
0760644,1125049
0760644,2069906
0778227,0000341
0778227,0940963
0778227,2069906
0793743,0000341
0793743,0312565
0793743,0951390
0793743,2069906
0769073,0000341
0769073,0312565
0769073,2069906
0793744,0000341
0793744,0951390
0793744,2069906
0777351,0000341
0777351,0755161
0777351,0951390
0777351,2069906
0786106,0000341
0786106,0959024
0786106,0792471
0786106,2069906
0837616,0000341
0837616,0951390
0837616,2069906
0847993,0000341
0847993,0312565
0847993,2069906
0847992,0000341
0847992,0755161
0847992,2069906
0859282,0000341
0859282,0792471
0859282,2069906
0862051,0000341
0862051,1125049
0862051,2069906
0877067,0000341
0877067,0312565
0877067,0951390
0877067,2069906
0878370,0000341
0878370,0959024
0878370,2069906
0883074,0000341
0883074,2069906
0897597,0000341
0897597,0951390
0897597,0959024
0897597,2069906
0908319,0000341
0908319,0792471
0908319,2069906
0904331,0000341
0904331,0312565
0904331,2069906
0932771,0000341
0932771,0951390
0932771,2069906
0932770,0000341
0932770,0792471
0932770,2069906
0935348,0000341
0935348,0959024
0935348,2069906
0948481,0000341
0948481,1125049
0948481,2069906
0951638,0000341
0951638,2069906
0962867,0000341
0962867,0755161
0969939,0000341
0969939,0792471
0985267,0000341
0985267,0951390
0978002,0000341
0978002,0959024
1017757,0000341
1017757,0312565
1017757,0951390
1011359,0000341
1011359,0755161
1011359,0951390
1017756,0000341
1017756,2069906
1017756,0959024
1079695,0000341
1079695,0792471
1099391,0000341
1099391,1125049
1111165,0000341
1111165,0755161
1111164,0000341
1111164,0959024
1111163,0000341
1111163,0951390
1115067,0000341
1115067,0951390
1132831,0000341
1132831,2069906
1132830,0000341
1132830,0755161
1132830,0951390
1136192,0000341
1136192,0792471
1155810,0000341
1155810,1125049
1154100,0000341
1154100,0959024
1196847,0000341
1196847,0755161
1196847,0951390
1166863,0000341
1166863,1557867
1206052,0000341
1206052,2069906
1206052,0959024
1209525,0000341
1209525,0792471
1222094,0000341
1222094,1125049
1221641,0000341
1221641,0951390
1221641,0959024
1236459,0000341
1236459,0755161
1236459,1557867
1248516,0000341
1248516,0959024
1248516,1557867
1248520,0000341
1248520,0951390
1248520,1557867
1248521,0000341
1248521,0792471
1248521,1557867
1248522,0000341
1248522,2069906
1248522,1557867
1248523,0000341
1248523,1125049
1248523,1557867
1248525,0000341
1248525,0951390
1248525,1557867
1248524,0000341
1248524,0792471
1248524,1557867
1248526,0000341
1248526,0755161
1248526,1557867
1248506,0000341
1248506,1557867
1248507,0000341
1248507,1125049
1248507,1557867
1248508,0000341
1248508,0959024
1248508,1557867
1248509,0000341
1248509,2069906
1248509,1557867
1248510,0000341
1248510,0755161
1248510,1557867
1248511,0000341
1248511,1922119
1248511,1557867
1248512,0000341
1248512,0951390
1248512,0959024
1248512,1557867
1248513,0000341
1248513,0951390
1248513,0959024
1248513,1557867
1248514,0000341
1248514,0951390
1248514,1557867
1248515,0000341
1248515,0920274
1248515,1557867
1248517,0000341
1248517,0959024
1248517,0920274
1248517,0951390
1248517,1557867
1248518,0000341
1248518,0755161
1248518,1557867
1248519,0000341
1248519,0920274
1248519,1557867
0696640,0492639
0696602,0492639
0696602,0777372
0696547,0492639
0696547,0918111
0696547,0777372
0696616,0492639
0696616,0850696
0696616,0777372
0696636,0492639
0696636,0232981
0696636,1054832
0696636,0777372
0696544,0492639
0696544,1000302
0696544,0777372
0696632,0492639
0696632,0777372
0696579,0492639
0696579,0918111
0696579,0777372
0696569,0492639
0696569,1052109
0696569,0777372
0696610,0492639
0696610,0777372
0696619,0492639
0696619,0285975
0696619,0777372
0696555,0492639
0696555,0825217
0696555,0777372
0696545,0492639
0696545,1054832
0696545,0232981
0696545,0777372
0696574,0492639
0696574,0850696
0696574,0777372
0696546,0492639
0696546,1000302
0696546,0777372
0696585,0492639
0696585,0777372
0696631,0492639
0696631,1052109
0696631,0285975
0696631,0825217
0696631,0777372
0696635,0492639
0696635,0285975
0696635,0825217
0696635,1052109
0696635,0777372
0696617,0492639
0696617,0850696
0696617,0777372
0696638,0492639
0696638,0918111
0696638,0777372
0696627,0492639
0696627,1052109
0696627,0825217
0696627,0285975
0696627,0777372
0696613,0492639
0696613,0777372
0696586,0492639
0696586,0232981
0696586,1054832
0696586,0777372
0696595,0492639
0696595,1000302
0696595,0777372
0696618,0492639
0696618,0777372
0696618,1052109
0696618,0285975
0696618,0825217
0696611,0492639
0696611,0918111
0696611,0777372
0696611,1052109
0696611,0285975
0696611,0825217
0696562,0492639
0696562,1000302
0696562,0777372
0696562,1052109
0696562,0285975
0696562,0825217
0696553,0492639
0696553,0825217
0696553,0777372
0696553,1052109
0696553,0285975
0696606,0492639
0696606,0850696
0696606,0777372
0696606,1052109
0696606,0285975
0696606,0825217
0696552,0492639
0696552,0387684
0696552,0777372
0696552,1052109
0696552,0285975
0696552,0825217
0696582,0492639
0696582,0777372
0696582,1052109
0696582,0285975
0696582,0825217
0696584,0492639
0696584,1052109
0696584,0777372
0696584,0285975
0696584,0825217
0696599,0492639
0696599,0285975
0696599,0777372
0696599,1052109
0696599,0825217
0696605,0492639
0696605,1238485
0696605,0777372
0696605,1052109
0696605,0285975
0696605,0825217
0696630,0492639
0696630,1054832
0696630,0232981
0696630,0777372
0696630,1052109
0696630,0285975
0696630,0825217
0696609,0492639
0696609,1000302
0696609,0777372
0696609,1052109
0696609,0285975
0696609,0825217
0696621,0492639
0696621,0850696
0696621,0387684
0696621,0777372
0696621,1052109
0696621,0285975
0696621,0825217
0696557,0492639
0696557,0918111
0696557,0777372
0696557,1052109
0696557,0285975
0696557,0825217
0696540,0492639
0696540,0773731
0696540,0204678
0696540,0777372
0696540,1052109
0696540,0285975
0696540,0825217
0696592,0492639
0696592,1052109
0696592,0285975
0696592,0777372
0696592,0825217
0696620,0492639
0696620,0825217
0696620,1238485
0696620,0777372
0696620,1052109
0696620,0285975
0696633,0492639
0696633,0777372
0696633,1052109
0696633,0285975
0696633,0825217
0696593,0492639
0696593,1001653
0696593,0777372
0696593,1052109
0696593,0285975
0696593,0825217
0696589,0492639
0696589,0232981
0696589,1054832
0696589,0777372
0696589,1052109
0696589,0285975
0696589,0825217
0696571,0492639
0696571,0077768
0696571,0777372
0696571,1052109
0696571,0285975
0696571,0825217
0696572,0492639
0696572,0850696
0696572,0387684
0696572,0777372
0696572,1052109
0696572,0285975
0696572,0825217
0696543,0492639
0696543,1052109
0696543,0285975
0696543,0825217
0696543,1238485
0696591,0492639
0696591,0387684
0696591,1052109
0696591,0285975
0696591,0825217
0696591,1238485
0696639,0492639
0696639,0918111
0696639,1052109
0696639,0285975
0696639,0825217
0696639,1238485
0696600,0492639
0696600,1054832
0696600,0232981
0696600,1052109
0696600,0285975
0696600,0825217
0696600,1238485
0696558,0492639
0696558,0777372
0696558,1052109
0696558,0285975
0696558,0825217
0696558,1238485
0696542,0492639
0696542,0285975
0696542,1052109
0696542,0825217
0696542,1238485
0696580,0492639
0696580,0825217
0696580,1052109
0696580,0285975
0696580,1238485
0696583,0492639
0696583,1000302
0696583,1052109
0696583,0285975
0696583,0825217
0696583,1238485
0696570,0492639
0696570,0850696
0696570,1052109
0696570,0285975
0696570,0825217
0696570,1238485
0696626,0492639
0696626,1052109
0696626,0285975
0696626,0825217
0696626,1238485
0696566,0492639
0696566,1238485
0696566,1052109
0696566,0285975
0696566,0825217
0696563,0492639
0696563,1052109
0696563,0285975
0696563,0825217
0696563,1238485
0696622,0492639
0696622,0387684
0696622,0918111
0696622,1052109
0696622,0285975
0696622,0825217
0696622,1238485
0696628,0492639
0696628,0232981
0696628,1054832
0696628,1052109
0696628,0285975
0696628,0825217
0696628,1238485
0696634,0492639
0696634,1000302
0696634,1052109
0696634,0285975
0696634,0825217
0696634,1238485
0696560,0492639
0696560,1541482
0696560,1052109
0696560,0285975
0696560,0825217
0696560,1238485
0696604,0492639
0696604,0262414
0696604,1052109
0696604,0285975
0696604,0825217
0696604,1238485
0696541,0492639
0696541,0825217
0696541,1052109
0696541,0285975
0696541,1238485
0696565,0492639
0696565,0777372
0696565,1052109
0696565,0285975
0696565,0825217
0696565,1238485
0696577,0492639
0696577,0285975
0696577,1052109
0696577,0825217
0696577,1238485
0696629,0492639
0696629,1052109
0696629,0285975
0696629,0825217
0696629,1238485
0696548,0492639
0696548,0387684
0696548,0918111
0696548,1052109
0696548,0285975
0696548,0825217
0696548,1238485
0696615,0492639
0696615,0918111
0696615,1238485
0696614,0492639
0696614,0850696
0696614,1238485
0696607,0492639
0696607,1000302
0696607,1238485
0696581,0492639
0696581,0703594
0696581,1238485
0696538,0492639
0696538,1238485
0696561,0492639
0696561,1054832
0696561,0232981
0696561,1238485
0696567,0492639
0696567,0130172
0696567,1238485
0696594,0492639
0696594,0777372
0696594,1238485
0696601,0492639
0696601,1052109
0696601,1238485
0696578,0492639
0696578,0285975
0696578,1238485
0696637,0492639
0696637,1000302
0696637,0703594
0696637,1238485
0696550,0492639
0696550,1238485
0696612,0492639
0696612,0825217
0696612,1238485
0696598,0492639
0696598,0777372
0696598,1238485
0696587,0492639
0696587,0387684
0696587,1238485
0696623,0492639
0696623,0703594
0696623,1238485
0696596,0492639
0696596,0285975
0696596,1238485
0696625,0492639
0696625,0387684
0696625,1238485
0696549,0492639
0696549,0130172
0696549,1238485
0696556,0492639
0696556,0825217
0696556,1238485
0696597,0492639
0696597,1052109
0696597,1238485
0696554,0492639
0696554,0773731
0696554,1238485
0696576,0492639
0696576,2218724
0696576,1238485
0696573,0492639
0696573,1238485
0696564,0492639
0696564,1238485
0696588,0492639
0696624,0492639
0696624,1052109
0696568,0492639
0696568,0918111
0696590,0492639
0696590,0387684
0696608,0492639
0696608,2158545
0696603,0492639
0696603,0081334
0756592,0492639
0756592,0232981
0756592,1054832
0696551,0492639
0696551,0285975
0763007,0492639
0763007,0130172
0696539,0492639
0696539,0777372
0696559,0492639
0696559,0825217
0771285,0492639
0771285,1452838
0773975,0492639
0773975,0703594
0768528,0492639
0768528,2202596
0696575,0492639
0696575,0825217
0763006,0492639
0763006,1052109
0786613,0492639
0786613,0285975
0787406,0492639
0787406,0387684
0787404,0492639
0787404,1238485
0796524,0492639
0796524,0703594
0794967,0492639
0794967,0130172
0794966,0492639
0794966,0777372
0790331,0492639
0790331,1054832
0790331,0232981
0805126,0492639
0805126,2158545
0805126,0081334
0864026,0492639
0864026,0387684
0864026,2158545
0864026,0081334
0864026,2039147
0864026,1140565
0865242,0492639
0865242,0232981
0865242,1054832
0865242,2158545
0865242,0081334
0865242,2039147
0865242,1140565
0851853,0492639
0851853,0703594
0851853,2158545
0851853,0081334
0851853,2039147
0851853,1140565
0922244,0492639
0922244,0130172
0922244,2158545
0922244,0081334
0922244,2039147
0922244,1140565
0900728,0492639
0900728,1000302
0900728,2158545
0900728,0081334
0900728,2039147
0900728,1140565
0937129,0492639
0937129,0285975
0937129,2158545
0937129,0081334
0937129,2039147
0937129,1140565
0884666,0492639
0884666,0777372
0884666,2158545
0884666,0081334
0884666,2039147
0884666,1140565
0942765,0492639
0942765,0825217
0942765,2158545
0942765,0081334
0942765,2039147
0942765,1140565
0917951,0492639
0917951,1238485
0917951,2158545
0917951,0081334
0917951,2039147
0917951,1140565
0968157,0492639
0968157,2158545
0968157,0081334
0968157,2039147
0968157,1140565
0942764,0492639
0942764,0285975
0942764,2158545
0942764,0081334
0942764,2039147
0942764,1140565
0975411,0492639
0975411,0081334
0975411,2158545
0975411,2039147
0975411,1140565
0987601,0492639
0987601,2039147
0987601,2158545
0987601,0081334
0987601,1140565
0925636,0492639
0925636,1052109
0925636,2158545
0925636,0081334
0925636,2039147
0925636,1140565
0954233,0492639
0954233,1847976
0954233,2158545
0954233,0081334
0954233,2039147
0954233,1140565
0952264,0492639
0952264,0918111
0952264,2158545
0952264,0081334
0952264,2039147
0952264,1140565
0967251,0492639
0967251,1140565
0967251,2158545
0967251,0081334
0967251,2039147
0991334,0492639
0991334,1558835
0991334,2158545
0991334,0081334
0991334,2039147
0991334,1140565
0991331,0492639
0991331,1052109
0991331,2158545
0991331,0081334
0991331,2039147
0991331,1140565
1008488,0492639
1008488,0130172
1008488,2158545
1008488,0081334
1008488,2039147
1008488,1140565
0991333,0492639
0991333,2158545
0991333,0081334
0991333,2039147
0991333,1140565
0991332,0492639
0991332,1054832
0991332,0232981
0991332,2158545
0991332,0081334
0991332,2039147
0991332,1140565
1031511,0492639
1031511,0232981
1031511,1054832
1031511,2158545
1031511,0081334
1031511,2039147
1031511,1140565
1031511,1847976
1031521,0492639
1031521,0130172
1031521,2158545
1031521,0081334
1031521,2039147
1031521,1140565
1031521,1847976
1031522,0492639
1031522,0285975
1031522,2158545
1031522,0081334
1031522,2039147
1031522,1140565
1031522,1847976
1031523,0492639
1031523,1847976
1031523,2158545
1031523,0081334
1031523,2039147
1031523,1140565
1031524,0492639
1031524,0777372
1031524,2158545
1031524,0081334
1031524,2039147
1031524,1140565
1031524,1847976
1031525,0492639
1031525,1052109
1031525,2158545
1031525,0081334
1031525,2039147
1031525,1140565
1031525,1847976
1031526,0492639
1031526,2039147
1031526,2158545
1031526,0081334
1031526,1140565
1031526,1847976
1031527,0492639
1031527,1238485
1031527,2158545
1031527,0081334
1031527,2039147
1031527,1140565
1031527,1847976
1031528,0492639
1031528,2158545
1031528,0081334
1031528,2039147
1031528,1140565
1031528,1847976
1031512,0492639
1031512,1140565
1031512,2158545
1031512,0081334
1031512,2039147
1031512,1847976
1031513,0492639
1031513,0825217
1031513,2158545
1031513,0081334
1031513,2039147
1031513,1140565
1031513,1847976
1031516,0492639
1031516,1238485
1031516,1847976
1031515,0492639
1031515,2158545
1031515,1847976
1224484,0492639
1224484,1052109
1224484,1847976
1031517,0492639
1031517,2582069
1031517,1847976
1031518,0492639
1031518,2158545
1031518,0081334
1031518,2039147
1031518,1140565
1031518,1847976
1031519,0492639
1031519,2039147
1031519,1140565
1031519,1847976
1031520,0492639
1031520,1847976
1031520,1140565
1049305,0492639
1049305,0285975
1049305,1140565
1370703,0492639
1370703,0285975
1370703,1140565
1372678,0492639
1372678,1868229
1372678,0716716
1372678,1140565
1385813,0492639
1385813,0081334
1385813,2158545
1385813,2039147
1385813,1140565
1385813,1847976
1385807,0492639
1385807,1140565
1385805,0492639
1385805,0081334
1385805,1140565
1385814,0492639
1385814,0130172
1385814,1140565
1385815,0492639
1385815,0130172
1385815,1140565
1385804,0492639
1385804,0081334
1385803,0492639
1385803,1054832
1385803,0232981
1385811,0492639
1385812,0492639
1500054,0492639
1500054,1140565
1500054,2683474
1500054,4727462
1546705,0492639
1546705,0125725
1546705,0342917
1546705,1140565
1546705,2683474
1546705,4727462
1546707,0492639
1546707,0185735
1546707,1480238
1546707,1140565
1546707,2683474
1546707,4727462
1546706,0492639
1546706,1150257
1546706,1140565
1546706,2683474
1546706,4727462
1568221,0492639
1568221,0185735
1568221,1480238
1568221,2683474
1568221,4727462
1571101,0492639
1571101,1072410
1571101,1140565
1571101,2683474
1571101,4727462
1571324,0492639
1571324,1140565
1571324,2683474
1571324,4727462
1571100,0492639
1571100,1079781
1571100,1140565
1571100,2683474
1571100,4727462
1571102,0492639
1571102,1905395
1571102,1140565
1571102,2683474
1571102,4727462
1571322,0492639
1571322,3186942
1571322,1633902
1571322,1140565
1571322,2683474
1571322,4727462
1564292,0492639
1564292,1150257
1564292,1072410
1564292,1140565
1564292,2683474
1564292,4727462
1571323,0492639
1571323,2683474
1571323,1079781
1571323,1140565
1571323,4727462
1568222,0492639
1568222,1558835
1568222,1140565
1568222,2683474
1568222,4727462
6886400,0794914
7179006,0794914
7179006,6728876
7179006,0497556
7179006,3634351
7179006,2799425
7179006,4259499
7375334,0794914
7375334,6728876
7375334,0745360
7375334,0497556
7375334,3634351
7375334,2799425
7375334,4259499
7375342,0794914
7375342,6728876
7375342,0602981
7375342,0497556
7375342,3634351
7375342,2799425
7375342,4259499
7375346,0794914
7375346,6728876
7375346,0395924
7375346,0497556
7375346,3634351
7375346,2799425
7375346,4259499
7375350,0794914
7375350,6728876
7375350,1918801
7375350,0497556
7375350,3634351
7375350,2799425
7375350,4259499
7521790,0794914
7521790,6728876
7521790,0497556
7521790,3634351
7521790,2799425
7521790,4259499
7524390,0794914
7524390,6728876
7524390,3634351
7524390,0497556
7524390,2799425
7524390,4259499
7524394,0794914
7524394,6728876
7524394,2799425
7524394,0497556
7524394,3634351
7524394,4259499
7536406,0794914
7536406,6728876
7536406,4259499
7536406,0497556
7536406,3634351
7536406,2799425
7536382,0794914
7536382,6728876
7536382,0602981
7536382,0745360
7536382,0497556
7536382,3634351
7536382,2799425
7536382,4259499
7536386,0794914
7536386,6728876
7536386,0602981
7536386,0745360
7536386,0497556
7536386,3634351
7536386,2799425
7536386,4259499
7557306,0794914
7557306,6728876
7557306,0395924
7557306,0497556
7557306,3634351
7557306,2799425
7557306,4259499
7762884,0794914
7762884,6728876
7762884,1918801
7762884,0497556
7762884,3634351
7762884,2799425
7762884,4259499
7762890,0794914
7762890,6728876
7762890,0497556
7762890,0602981
7762890,3634351
7762890,2799425
7762890,4259499
7762900,0794914
7762900,6728876
7762900,0745360
7762900,3634351
7762900,0497556
7762900,2799425
7762900,4259499
7762904,0794914
7762904,6728876
7762904,0395924
7762904,2799425
7762904,0497556
7762904,3634351
7762904,4259499
7762906,0794914
7762906,6728876
7762906,4259499
7762906,0497556
7762906,3634351
7762906,2799425
8242670,0794914
8242670,6728876
8242670,0383603
8242670,3634351
8242670,2799425
8242670,4259499
8242670,9319070
8242670,4679741
8680760,0794914
8680760,6728876
8680760,3634351
8680760,2799425
8680760,4259499
8680760,9319070
8680760,4679741
8707328,0794914
8707328,6728876
8707328,0602981
8707328,3634351
8707328,2799425
8707328,4259499
8707328,9319070
8707328,4679741
8970130,0794914
8970130,6728876
8970130,0395924
8970130,3634351
8970130,2799425
8970130,4259499
8970130,9319070
8970130,4679741
8970138,0794914
8970138,6728876
8970138,0295286
8970138,3634351
8970138,2799425
8970138,4259499
8970138,9319070
8970138,4679741
8970140,0794914
8970140,6728876
8970140,1918801
8970140,3634351
8970140,2799425
8970140,4259499
8970140,9319070
8970140,4679741
8970142,0794914
8970142,6728876
8970142,3634351
8970142,2799425
8970142,4259499
8970142,9319070
8970142,4679741
9174064,0794914
9174064,6728876
9174064,3251129
9174064,3634351
9174064,2799425
9174064,4259499
9174064,9319070
9174064,4679741
9248698,0794914
9248698,6728876
9248698,2799425
9248698,3634351
9248698,4259499
9248698,9319070
9248698,4679741
9272854,0794914
9272854,6728876
9272854,0295286
9272854,4259499
9272854,3634351
9272854,2799425
9272854,9319070
9272854,4679741
9389430,0794914
9389430,6728876
9389430,1918801
9389430,9319070
9389430,3634351
9389430,2799425
9389430,4259499
9389430,4679741
9477126,0794914
9477126,6728876
9477126,0602981
9477126,3634351
9477126,2799425
9477126,4259499
9477126,9319070
9477126,4679741
9477130,0794914
9477130,6728876
9477130,4679741
9477130,3634351
9477130,2799425
9477130,4259499
9477130,9319070
9452780,0794914
9452780,6728876
9452780,0395924
9452780,3634351
9452780,2799425
9452780,4259499
9452780,9319070
9452780,4679741
9442014,0794914
9442014,6728876
9442014,0295286
9442014,3634351
9442014,2799425
9442014,4259499
9442014,9319070
9442014,4679741
9660058,0794914
9660058,6728876
9660058,3251129
9660058,2799425
9660058,3634351
9660058,4259499
9660058,9319070
9660058,4679741
9660060,0794914
9660060,6728876
9660060,0602981
9660060,4259499
9660060,3634351
9660060,2799425
9660060,9319070
9660060,4679741
9660062,0794914
9660062,6728876
9660062,0395924
9660062,9319070
9660062,3634351
9660062,2799425
9660062,4259499
9660062,4679741
9739388,0794914
9739388,6728876
9739388,3634351
9739388,9319070
9739388,4679741
9739388,1325709
10700400,0794914
10700400,6728876
10700400,0633425
10700400,9319070
10700400,4679741
10700400,1325709
10808042,0794914
10808042,6728876
10808042,0295286
10808042,1325709
10808042,9319070
10808042,4679741
10685692,0794914
10685692,6728876
10685692,0250668
10685692,9319070
10685692,4679741
10685692,1325709
11061846,0794914
11061846,6728876
11061846,0395924
11061846,9319070
11061846,4679741
11061846,1325709
10810120,0794914
10810120,6728876
10810120,3251129
10810120,9319070
10810120,4679741
10810120,1325709
11199364,0794914
11199364,6728876
11199364,3131414
11199364,9319070
11199364,4679741
11199364,1325709
11149240,0794914
11149240,6728876
11149240,3634351
11149240,9319070
11149240,4679741
11149240,1325709
11244584,0794914
11244584,6728876
11244584,4679741
11244584,9319070
11244584,1325709
11089196,0794914
11089196,6728876
11089196,0602981
11089196,9319070
11089196,4679741
11089196,1325709
11268752,0794914
11268752,6728876
11268752,9319070
11268752,4679741
11268752,1325709
11376716,0794914
11376716,6728876
11376716,0295286
11376716,1325709
11376716,9319070
11376716,4679741
11565446,0794914
11565446,6728876
11565446,0250668
11565446,9319070
11565446,4679741
11565446,1325709
11317188,0794914
11317188,6728876
11317188,0633425
11317188,9319070
11317188,4679741
11317188,1325709
11689722,0794914
11689722,6728876
11689722,3251129
11689722,0602981
11689722,9319070
11689722,4679741
11689722,1325709
11689730,0794914
11689730,6728876
11689730,0395924
11689730,9319070
11689730,4679741
11689730,1325709
11718904,0794914
11718904,6728876
11718904,3131414
11718904,0991351
11718904,9319070
11718904,4679741
11718904,1325709
11718914,0794914
11718914,6728876
11718914,0602981
11718914,3634351
11718914,9319070
11718914,4679741
11718914,1325709
11914288,0794914
11914288,6728876
11914288,0295286
11914288,4784537
11914288,9319070
11914288,4679741
11914288,1325709
11914308,0794914
11914308,6728876
11914308,0395924
11914308,4784537
11914308,9319070
11914308,4679741
11914308,1325709
12025954,0794914
12025954,6728876
12025954,0295286
12025954,9319070
12025954,1325709
12025954,4784537
12025954,2675977
13351010,0794914
13351010,6728876
13351010,0295286
13351010,9319070
13351010,1325709
13351010,4784537
13351010,2675977
13252322,0794914
13252322,6728876
13252322,0602981
13252322,3634351
13252322,9319070
13252322,1325709
13252322,4784537
13252322,2675977
13415870,0794914
13415870,6728876
13415870,0395924
13415870,4784537
13415870,9319070
13415870,1325709
13415870,2675977
13475720,0794914
13475720,6728876
13475720,0086694
13475720,9319070
13475720,1325709
13475720,4784537
13475720,2675977
13498152,0794914
13498152,6728876
13498152,3131414
13498152,1325709
13498152,4784537
13498152,9319070
13498152,2675977
13760916,0794914
13760916,6728876
13760916,0250668
13760916,9319070
13760916,1325709
13760916,4784537
13760916,2675977
13801958,0794914
13801958,6728876
13801958,2381405
13801958,9319070
13801958,1325709
13801958,4784537
13801958,2675977
13945416,0794914
13945416,6728876
13945416,2675977
13945416,0295286
13945416,9319070
13945416,1325709
13945416,4784537
13998324,0794914
13998324,6728876
13998324,0602981
13998324,4784537
13998324,9319070
13998324,1325709
13998324,2675977
14048616,0794914
14048616,6728876
14048616,0395924
14048616,3634351
14048616,9319070
14048616,1325709
14048616,4784537
14048616,2675977
14202588,0794914
14202588,6728876
14202588,0086694
14202588,9319070
14202588,1325709
14202588,4784537
14202588,2675977
14223286,0794914
14223286,6728876
14223286,3131414
14223286,1325709
14223286,9319070
14223286,4784537
14223286,2675977
14402896,0794914
14402896,6728876
14402896,0991351
14402896,9319070
14402896,1325709
14402896,4784537
14402896,2675977
14420834,0794914
14420834,6728876
14420834,0395924
14420834,5925696
14420834,9319070
14420834,1325709
14420834,4784537
14420834,2675977
14512260,0794914
14512260,6728876
14512260,2381405
14512260,2675977
14512260,9319070
14512260,1325709
14512260,4784537
14551960,0794914
14551960,6728876
14551960,0250668
14551960,9319070
14551960,1325709
14551960,4784537
14551960,2675977
14597068,0794914
14597068,6728876
14597068,0602981
14597068,3634351
14597068,9319070
14597068,1325709
14597068,4784537
14597068,2675977
14597070,0794914
14597070,6728876
14597070,0295286
14597070,3131414
14597070,9319070
14597070,1325709
14597070,4784537
14597070,2675977
14597076,0794914
14597076,6728876
14597076,0086694
14597076,9319070
14597076,1325709
14597076,4784537
14597076,2675977
14578730,0794914
14578730,6728876
14578730,0295286
14578730,9319070
14578730,1325709
14578730,4784537
14578730,2675977
14578730,1160510
15444554,0794914
15444554,6728876
15444554,1325709
15444554,0395924
15444554,9319070
15444554,4784537
15444554,2675977
15444554,1160510
15500740,0794914
15500740,6728876
15500740,4784537
15500740,0602981
15500740,9319070
15500740,1325709
15500740,2675977
15500740,1160510
15589012,0794914
15589012,6728876
15589012,0086694
15589012,1160510
15589012,9319070
15589012,1325709
15589012,4784537
15589012,2675977
15717144,0794914
15717144,6728876
15717144,2675977
15717144,3131414
15717144,9319070
15717144,1325709
15717144,4784537
15717144,1160510
15739682,0794914
15739682,6728876
15739682,0280613
15739682,3634351
15739682,9319070
15739682,1325709
15739682,4784537
15739682,2675977
15739682,1160510
15921160,0794914
15921160,6728876
15921160,0012182
15921160,9319070
15921160,1325709
15921160,4784537
15921160,2675977
15921160,1160510
18257498,0794914
18257498,6728876
18257498,0602981
18257498,9319070
18257498,1325709
18257498,4784537
18257498,2675977
18257498,1160510
18272708,0794914
18272708,6728876
18272708,0395924
18272708,4784537
18272708,9319070
18272708,1325709
18272708,2675977
18272708,1160510
18351060,0794914
18351060,6728876
18351060,0086694
18351060,1325709
18351060,9319070
18351060,4784537
18351060,2675977
18351060,1160510
18396542,0794914
18396542,6728876
18396542,3634351
18396542,3131414
18396542,9319070
18396542,1325709
18396542,4784537
18396542,2675977
18396542,1160510
18569788,0794914
18569788,6728876
18569788,0280613
18569788,2675977
18569788,9319070
18569788,1325709
18569788,4784537
18569788,1160510
18922558,0794914
18922558,6728876
18922558,0012182
18922558,9319070
18922558,1325709
18922558,4784537
18922558,2675977
18922558,1160510
19047628,0794914
19047628,6728876
19047628,9319070
19047628,1325709
19047628,4784537
19047628,2675977
19047628,1160510
19389264,0794914
19389264,6728876
19389264,4784537
19389264,1160510
19389264,9319070
19389264,1325709
19389264,2675977
19712336,0794914
19712336,6728876
19712336,1325709
19712336,9319070
19712336,4784537
19712336,2675977
19712336,1160510
19712338,0794914
19712338,6728876
19712338,0395924
19712338,3634351
19712338,9319070
19712338,1325709
19712338,4784537
19712338,2675977
19712338,1160510
19712340,0794914
19712340,6728876
19712340,3131414
19712340,7258376
19712340,9319070
19712340,1325709
19712340,4784537
19712340,2675977
19712340,1160510
19267596,0794914
19267596,6728876
19267596,0086694
19267596,9319070
19267596,1325709
19267596,4784537
19267596,2675977
19267596,1160510
22187748,0794914
22187748,6728876
22187748,0280613
22187748,0602981
22187748,9319070
22187748,1325709
22187748,4784537
22187748,2675977
22187748,1160510
22482390,0794914
22482390,6728876
22482390,0295286
22482390,3131414
22482390,2675977
22482390,4784537
22482390,1160510
22482390,14153017
22529596,0794914
22529596,6728876
22529596,0602981
22529596,1160510
22529596,2675977
22529596,4784537
22529596,14153017
22801798,0794914
22801798,6728876
22801798,0086694
22801798,2675977
22801798,4784537
22801798,1160510
22801798,14153017
23146066,0794914
23146066,6728876
23146066,0395924
23146066,3634351
23146066,2675977
23146066,4784537
23146066,1160510
23146066,14153017
23320710,0794914
23320710,6728876
23320710,1068424
23320710,4784537
23320710,2675977
23320710,1160510
23320710,14153017
23624658,0794914
23624658,6728876
23624658,1325709
23624658,2675977
23624658,4784537
23624658,1160510
23624658,14153017
23624660,0794914
23624660,6728876
23624660,0012182
23624660,14153017
23624660,2675977
23624660,4784537
23624660,1160510
23727902,0794914
23727902,6728876
23727902,3131414
23727902,7258376
23727902,2675977
23727902,4784537
23727902,1160510
23727902,14153017
26315874,0794914
26315874,6728876
26315874,6449098
26315874,0086694
26315874,2675977
26315874,4784537
26315874,1160510
26315874,14153017
26450545,0794914
26450545,6728876
26450545,0602981
26450545,3634351
26450545,2675977
26450545,4784537
26450545,1160510
26450545,14153017
26542336,0794914
26542336,6728876
26542336,0395924
26542336,1160510
26542336,2675977
26542336,4784537
26542336,14153017
26690687,0794914
26690687,6728876
26690687,1068424
26690687,2675977
26690687,4784537
26690687,1160510
26690687,14153017
26774056,0794914
26774056,6728876
26774056,4784537
26774056,2675977
26774056,1160510
26774056,14153017
26026804,0794914
26026804,6728876
26026804,0295286
26026804,2675977
26026804,4784537
26026804,1160510
26026804,14153017
26936081,0794914
26936081,6728876
26936081,1325709
26936081,14153017
26936081,2675977
26936081,4784537
26936081,1160510
27190137,0794914
27190137,6728876
27190137,2675977
27190137,4784537
27190137,1160510
27190137,14153017
27190153,0794914
27190153,6728876
27190153,3634351
27190153,2675977
27190153,4784537
27190153,1160510
27190153,14153017
27190173,0794914
27190173,6728876
27190173,0602981
27190173,0012182
27190173,2675977
27190173,4784537
27190173,1160510
27190173,14153017
27190231,0794914
27190231,6728876
27190231,0395924
27190231,0086694
27190231,2675977
27190231,4784537
27190231,1160510
27190231,14153017
27190233,0794914
27190233,6728876
27190233,3131414
27190233,1068424
27190233,2675977
27190233,4784537
27190233,1160510
27190233,14153017
